time,scanned,total,faces,appProcs,mainMB,rendererMB,freeRamGB,stalls,stallsOver5s,worstStallMs,unresponsive,crashesLast10m,mainLogMB
2026-09-24T19:06:13.188Z,23719,23880,32075,5,3117,1596,5,207,3,7625,0,0,0.3
2026-09-24T19:07:16.418Z,23757,23880,32108,7,2753,1581,4.8,233,3,7625,0,0,0.3
2026-09-24T19:08:18.719Z,23766,23880,32110,7,3368,1580,4.2,245,3,7625,0,0,0.4
2026-09-24T19:09:20.840Z,23777,23880,32122,5,2836,1564,4.8,262,3,7625,0,0,0.4
2026-09-24T19:10:23.325Z,23789,23880,32136,7,2549,1564,6.1,283,3,7625,0,0,0.4
2026-09-24T19:11:29.897Z,23802,23880,32144,5,2899,1558,6.3,300,4,7625,0,0,0.5
2026-09-24T19:12:32.851Z,23818,23880,32160,5,2803,1551,6.2,323,4,7625,0,0,0.5
2026-09-24T19:13:35.052Z,23831,23880,32170,5,2748,1552,6.1,341,4,7625,0,0,0.5
2026-09-24T19:14:37.244Z,23874,23880,32184,5,2722,1539,6.3,364,4,7625,0,0,0.6
2026-09-24T19:15:39.788Z,23879,23880,32187,5,1993,1528,6.4,365,4,7625,0,0,0.6
2026-09-24T19:16:42.085Z,23879,23880,32187,5,1642,1528,6.6,365,4,7625,0,0,0.6
2026-09-24T19:17:44.937Z,23879,23880,32187,5,1640,1486,6.7,365,4,7625,0,0,0.6
2026-09-24T19:18:47.189Z,23879,23880,32187,5,1640,1472,6.7,365,4,7625,0,0,0.6
2026-09-24T19:19:49.424Z,23879,23880,32187,5,1640,1472,6.6,365,4,7625,0,0,0.6
2026-09-24T19:20:51.734Z,23879,23880,32187,5,1640,1472,6.5,365,4,7625,0,0,0.6
2026-09-24T19:21:54.149Z,23879,23880,32187,5,1641,1473,6.5,366,4,7625,0,0,0.6
2026-09-24T19:22:57.002Z,23879,23880,32187,5,1641,1474,6.4,366,4,7625,0,0,0.6
2026-09-24T19:23:59.250Z,23879,23880,32187,5,1641,1473,6.4,366,4,7625,0,0,0.6
2026-09-24T19:25:01.512Z,23879,23880,32187,5,1641,1473,6.3,366,4,7625,0,0,0.6
2026-09-24T19:26:03.773Z,23879,23880,32187,5,1641,1474,6.3,366,4,7625,0,0,0.6
2026-09-24T19:27:06.186Z,23879,23880,32187,5,1641,1474,6.1,366,4,7625,0,0,0.6
2026-09-24T19:28:09.042Z,23879,23880,32187,5,1641,1473,6.1,366,4,7625,0,0,0.6
2026-09-24T19:29:11.384Z,23879,23880,32187,5,1641,1473,6.2,366,4,7625,0,0,0.7
2026-09-24T19:30:13.642Z,23879,23880,32187,5,1641,1473,6.2,366,4,7625,0,0,0.7
2026-09-24T19:31:15.924Z,23879,23880,32187,5,1641,1474,6.1,366,4,7625,0,0,0.7
2026-09-24T19:32:18.185Z,23879,23880,32187,5,1641,1474,6,366,4,7625,0,0,0.7
2026-09-24T19:33:21.061Z,23879,23880,32187,5,1641,1474,5.9,366,4,7625,0,0,0.7
2026-09-24T19:34:23.776Z,23879,23880,32187,5,1641,1474,5.8,366,4,7625,0,0,0.7
2026-09-24T19:35:26.061Z,23879,23880,32187,5,1641,1474,5.8,366,4,7625,0,0,0.7
2026-09-24T19:36:28.347Z,23879,23880,32187,5,1641,1475,5.8,366,4,7625,0,0,0.7
2026-09-24T19:37:30.638Z,23879,23880,32187,5,1641,1475,5.9,366,4,7625,0,0,0.7
2026-09-24T19:38:33.751Z,23879,23880,32187,5,1641,1474,5.8,366,4,7625,0,0,0.7
2026-09-24T19:39:36.132Z,23879,23880,32187,6,1641,1474,5.8,366,4,7625,0,0,0.7
2026-09-24T19:41:35.436Z,23880,23880,32187,5,990,2130,6,5,0,1421,0,0,0.0
2026-09-24T19:42:38.455Z,23880,23880,32187,6,468,1620,6.7,5,0,1421,0,0,0.0
2026-09-24T19:43:40.876Z,23880,23880,32187,6,470,1620,6.6,5,0,1421,0,0,0.0
2026-09-24T19:44:43.173Z,23880,23880,32187,5,463,1621,6.7,5,0,1421,0,0,0.0
2026-09-24T19:45:45.401Z,23880,23880,32187,5,566,2119,7.2,8,0,3280,0,0,0.1
2026-09-24T19:46:47.542Z,23880,23880,32187,7,566,2118,6.9,8,0,3280,0,0,0.1
2026-09-24T19:47:50.338Z,23880,23880,32187,5,566,2118,6.9,8,0,3280,0,0,0.1
2026-09-24T19:48:52.694Z,23880,23880,32187,6,1723,2339,5.3,14,0,3280,0,0,0.1
2026-09-24T19:49:54.967Z,23880,23880,32187,6,489,1564,7.3,14,0,3280,0,0,0.1
2026-09-24T19:50:57.187Z,23880,23880,32187,5,482,1566,7.2,14,0,3280,0,0,0.1
2026-09-24T19:51:59.458Z,23880,23880,32187,5,483,1566,7.1,14,0,3280,0,0,0.1
2026-09-24T19:53:02.357Z,23880,23880,32187,5,588,2186,6.5,21,0,3280,0,0,0.1
2026-09-24T19:54:04.712Z,23880,23880,32187,6,907,2020,6.4,21,0,3280,0,0,0.1
2026-09-24T19:55:07.091Z,23880,23880,32187,5,593,2047,6.4,26,0,3280,0,0,0.2
2026-09-24T19:56:09.329Z,23880,23880,32187,5,586,1317,6.9,29,0,3280,0,0,0.2
2026-09-24T19:57:11.711Z,23880,23880,32187,5,600,1501,6.4,33,0,3280,0,0,0.2
2026-09-24T19:58:14.759Z,23880,23880,32187,5,561,1670,6.9,38,0,3280,0,0,0.3
2026-09-24T19:59:17.060Z,23880,23880,32187,5,561,1670,7,38,0,3280,0,0,0.3
2026-09-24T20:00:19.346Z,23880,23880,32187,5,592,2327,6.4,41,0,3280,0,0,0.3
2026-09-24T20:01:21.560Z,23880,23880,32187,5,561,1849,6.9,41,0,3280,0,0,0.3
2026-09-24T20:02:23.919Z,23880,23880,32187,6,116,97,8.4,0,0,0,0,0,0.0
2026-09-24T20:03:26.998Z,23880,23880,32187,6,117,1603,6.6,6,0,3068,0,0,0.0
2026-09-24T20:04:29.368Z,23880,23880,32187,5,117,1743,7.3,7,0,3068,0,0,0.1
2026-09-24T20:05:31.765Z,23880,23880,32187,5,116,1372,6.6,3,0,1521,0,0,0.0
2026-09-24T20:06:34.090Z,23880,23880,32187,6,116,1742,7,6,0,3160,0,0,0.1
2026-09-24T20:07:36.476Z,23880,23880,32187,6,116,2019,6.8,9,0,3160,0,0,0.1
2026-09-24T20:08:39.468Z,23880,23880,32187,6,116,1174,6.7,11,0,3160,0,0,0.1
2026-09-24T20:09:41.709Z,23880,23880,32187,5,118,1193,6.7,11,0,3160,0,0,0.1
2026-09-24T20:10:44.000Z,23880,23880,32187,6,118,1478,5.8,13,0,3431,0,0,0.2
2026-09-24T20:11:46.222Z,23880,23880,32187,6,116,1251,6.4,13,0,3431,0,0,0.2
2026-09-24T20:13:00.409Z,23880,23880,32187,45,116,1200,6.2,16,0,3431,0,0,0.3
2026-09-24T20:14:03.300Z,23880,23880,32187,39,116,1188,6.3,18,0,3431,0,0,0.3
2026-09-24T20:15:20.305Z,23880,23880,32187,4,235,1188,6.3,18,0,3431,0,0,0.3
2026-09-24T20:16:23.033Z,23880,23880,32187,4,235,1188,6.3,18,0,3431,0,0,0.3
2026-09-24T20:17:25.351Z,23880,23880,32187,4,235,1188,6.4,18,0,3431,0,0,0.3
2026-09-24T20:18:27.635Z,23880,23880,32187,4,236,1184,6.3,18,0,3431,0,0,0.3
2026-09-24T20:19:29.959Z,23880,23880,32187,4,236,1184,6.3,18,0,3431,0,0,0.3
2026-09-24T20:20:32.291Z,23880,23880,32187,4,236,1184,6.4,22,0,3431,0,0,0.3
2026-09-24T20:21:35.003Z,23880,23880,32187,4,235,1185,7.1,26,0,3431,0,0,0.3
2026-09-24T20:22:37.131Z,23880,23880,32187,4,236,1185,7,27,0,3431,0,0,0.3
2026-09-24T20:23:39.414Z,23880,23880,32187,4,236,1185,7.1,27,0,3431,0,0,0.3
2026-09-24T20:24:41.703Z,23880,23880,32187,4,290,1233,7.2,4,0,1860,0,0,0.0
2026-09-24T20:25:44.126Z,23880,23880,32187,4,338,1590,5.9,8,0,3058,0,0,0.1
2026-09-24T20:26:46.963Z,23880,23880,32187,4,215,1267,6,8,0,3058,0,0,0.1
2026-09-24T20:27:49.178Z,23880,23880,32187,4,215,1262,5.7,8,0,3058,0,0,0.1
2026-09-24T20:28:51.444Z,23880,23880,32187,4,207,1262,5.7,8,0,3058,0,0,0.1
2026-09-24T20:29:53.709Z,23880,23880,32187,4,206,1263,5.7,8,0,3058,0,0,0.1
2026-09-24T20:30:55.944Z,23880,23880,32187,4,249,1489,6.3,3,0,1425,0,0,0.0
2026-09-24T20:31:58.816Z,23880,23880,32187,4,292,1996,5.5,7,0,3520,0,0,0.1
2026-09-24T20:33:01.090Z,23880,23880,32187,4,220,1318,5.2,7,0,3520,0,0,0.1
2026-09-24T20:34:03.370Z,23880,23880,32187,4,220,1298,5.4,7,0,3520,0,0,0.1
2026-09-24T20:35:05.703Z,23880,23880,32187,4,213,1300,5.1,7,0,3520,0,0,0.1
2026-09-24T20:36:07.913Z,23880,23880,32187,4,213,1300,5.1,7,0,3520,0,0,0.1
2026-09-24T20:37:39.479Z,23880,23880,32187,4,167,1055,6.1,4,0,2087,0,0,0.0,2,8
2026-09-24T20:38:42.330Z,23880,23880,32187,4,163,1050,6.5,4,0,2087,0,0,0.0,1,5
2026-09-24T20:39:44.649Z,23880,23880,32187,4,163,1049,6.2,4,0,2087,0,0,0.0,2,7
2026-09-24T20:40:46.795Z,23880,23880,32187,4,1033,736,6,1,0,351,0,0,0.0,1,2
2026-09-24T20:41:51.573Z,23880,23880,32187,4,369,1077,6.2,2,0,362,0,0,0.0,730,1112
2026-09-24T20:42:53.941Z,23880,23880,32187,4,244,926,6.6,4,0,362,0,0,0.1,1,8
2026-09-24T20:44:03.948Z,23880,23880,32187,4,268,1013,5.3,5,0,362,0,0,0.1,6863,61
2026-09-24T20:45:06.169Z,23880,23880,32187,4,209,848,5.5,5,0,362,0,0,0.1,1,1
2026-09-24T20:46:08.643Z,23880,23880,32187,4,281,1158,4.9,6,0,524,0,0,0.2,0,6
2026-09-24T20:47:10.919Z,23880,23880,32187,4,238,907,5.5,6,0,524,0,0,0.2,1,2
2026-09-24T20:48:13.278Z,23880,23880,32187,4,280,1067,5.2,8,0,524,0,0,0.2,1,9
2026-09-24T20:49:16.150Z,23880,23880,32187,4,245,930,5.5,8,0,524,0,0,0.2,1,2
2026-09-24T20:50:18.377Z,23880,23880,32187,4,242,924,6.4,9,0,524,0,0,0.3,1,5
2026-09-24T20:51:20.567Z,23880,23880,32187,4,241,925,6.4,9,0,524,0,0,0.3,1,5
2026-09-24T20:51:38.453Z,23880,23880,32187,4,242,924,6.5,9,0,524,0,0,0.3,3,1
2026-09-24T20:52:41.183Z,23880,23880,32187,4,241,923,6.3,9,0,524,0,0,0.3,1,4
2026-09-24T20:53:43.424Z,23880,23880,32187,4,241,922,6.3,9,0,524,0,0,0.3,3,8
2026-09-24T20:54:45.601Z,23880,23880,32187,4,241,921,6.2,9,0,524,0,0,0.3,1,8
2026-09-24T20:55:47.928Z,23880,23880,32187,4,242,920,6.3,9,0,524,0,0,0.3,1,5
2026-09-24T20:56:50.191Z,23880,23880,32187,4,242,917,6.3,9,0,524,0,0,0.3,2,7
2026-09-24T20:57:52.926Z,23880,23880,32187,4,242,917,5.7,9,0,524,0,0,0.3,1,5
2026-09-24T20:58:55.107Z,23880,23880,32187,4,242,917,5.7,9,0,524,0,0,0.4,0,5
2026-09-24T20:59:57.307Z,23880,23880,32187,4,242,916,5.7,9,0,524,0,0,0.4,1,5
2026-09-24T21:00:59.561Z,23880,23880,32187,4,242,916,5.7,9,0,524,0,0,0.4,1,5
2026-09-24T21:02:01.799Z,23880,23880,32187,4,242,917,5.7,9,0,524,0,0,0.4,0,5
2026-09-24T21:03:04.505Z,23880,23880,32187,4,242,916,5.7,9,0,524,0,0,0.4,1,4
2026-09-24T21:04:06.815Z,23880,23880,32187,4,242,917,5.6,9,0,524,0,0,0.4,0,5
2026-09-24T21:05:09.156Z,23880,23880,32187,4,242,916,5.6,9,0,524,0,0,0.4,1,4
2026-09-24T21:06:11.422Z,23880,23880,32187,4,243,917,5.6,9,0,524,0,0,0.4,1,5
2026-09-24T21:07:13.598Z,23880,23880,32187,4,243,916,5.6,9,0,524,0,0,0.4,1,4
2026-09-24T21:08:16.504Z,23880,23880,32187,4,243,916,5.6,9,0,524,0,0,0.4,2,7
2026-09-24T21:09:18.826Z,23880,23880,32187,4,243,917,5.6,9,0,524,0,0,0.4,1,5
2026-09-24T21:10:21.135Z,23880,23880,32187,4,243,916,5.6,9,0,524,0,0,0.4,0,5
2026-09-24T21:11:23.442Z,23880,23880,32187,4,243,917,5.6,9,0,524,0,0,0.4,0,5
2026-09-24T21:12:25.728Z,23880,23880,32187,4,243,917,5.5,9,0,524,0,0,0.4,1,4
2026-09-24T21:13:28.534Z,23880,23880,32187,4,244,916,5.5,9,0,524,0,0,0.4,2,8
2026-09-24T21:14:30.957Z,23880,23880,32187,4,244,916,5.5,9,0,524,0,0,0.4,2,5
2026-09-24T21:15:33.245Z,23880,23880,32187,4,244,916,5.5,9,0,524,0,0,0.4,1,8
2026-09-24T21:16:35.448Z,23880,23880,32187,4,243,921,5.4,9,0,524,0,0,0.4,1,5
2026-09-24T21:17:37.778Z,23880,23880,32187,4,244,917,5.5,9,0,524,0,0,0.4,1,5
2026-09-24T21:18:40.593Z,23880,23880,32187,4,244,916,5.4,9,0,524,0,0,0.4,1,5
2026-09-24T21:19:42.908Z,23880,23880,32187,4,244,917,5.4,9,0,524,0,0,0.5,1,4
2026-09-24T21:20:45.224Z,23880,23880,32187,4,244,917,5.4,9,0,524,0,0,0.5,1,4
2026-09-24T21:21:47.441Z,23880,23880,32187,4,244,916,5.4,9,0,524,0,0,0.5,1,5
2026-09-24T21:22:49.677Z,23880,23880,32187,4,245,916,5.4,9,0,524,0,0,0.5,0,5
2026-09-24T21:23:52.399Z,23880,23880,32187,4,245,916,5.4,9,0,524,0,0,0.5,1,5
2026-09-24T21:24:54.575Z,23880,23880,32187,4,245,916,5.4,9,0,524,0,0,0.5,2,6
2026-09-24T21:25:56.830Z,23880,23880,32187,4,245,917,5.3,9,0,524,0,0,0.5,1,4
2026-09-24T21:26:59.171Z,23880,23880,32187,4,245,917,4.9,9,0,524,0,0,0.5,1,5
2026-09-24T21:28:01.468Z,23880,23880,32187,4,246,916,5.3,9,0,524,0,0,0.5,1,7
2026-09-24T21:29:04.168Z,23880,23880,32187,4,246,916,5.3,9,0,524,0,0,0.5,0,5
2026-09-24T21:30:06.379Z,23880,23880,32187,4,245,926,5.3,9,0,524,0,0,0.5,1,6
2026-09-24T21:31:08.623Z,23880,23880,32187,4,245,926,5.2,9,0,524,0,0,0.5,1,6
2026-09-24T21:32:10.785Z,23880,23880,32187,4,246,916,5.3,9,0,524,0,0,0.5,1,4
2026-09-24T21:33:12.959Z,23880,23880,32187,4,246,916,5.2,9,0,524,0,0,0.5,0,5
2026-09-24T21:34:15.744Z,23880,23880,32187,4,246,916,5.3,9,0,524,0,0,0.5,1,7
2026-09-24T21:35:17.991Z,23880,23880,32187,4,247,916,5,9,0,524,0,0,0.5,2,8
2026-09-24T21:36:20.207Z,23880,23880,32187,4,246,920,5.1,9,0,524,0,0,0.5,2,9
2026-09-24T21:37:22.358Z,23880,23880,32187,4,247,918,5.2,9,0,524,0,0,0.5,1,5
2026-09-24T21:38:24.543Z,23880,23880,32187,4,247,917,5.2,9,0,524,0,0,0.5,1,4
2026-09-24T21:39:27.275Z,23880,23880,32187,4,247,917,5,9,0,524,0,0,0.5,0,5
2026-09-24T21:40:29.560Z,23880,23880,32187,4,247,917,5,9,0,524,0,0,0.6,1,5
2026-09-24T21:41:31.853Z,23880,23880,32187,4,248,917,5,9,0,524,0,0,0.6,0,5
2026-09-24T21:42:34.017Z,23880,23880,32187,4,248,917,4.9,9,0,524,0,0,0.6,1,5
2026-09-24T21:43:36.259Z,23880,23880,32187,4,247,917,4.9,9,0,524,0,0,0.6,0,5
2026-09-24T21:44:39.090Z,23880,23880,32187,4,249,917,4.9,9,0,524,0,0,0.6,2,5
2026-09-24T21:45:41.308Z,23880,23880,32187,4,248,916,4.9,9,0,524,0,0,0.6,1,5
2026-09-24T21:46:43.500Z,23880,23880,32187,4,248,917,4.9,9,0,524,0,0,0.6,1,5
2026-09-24T21:47:45.739Z,23880,23880,32187,4,248,916,5,9,0,524,0,0,0.6,1,5
2026-09-24T21:48:48.008Z,23880,23880,32187,4,248,917,4.9,9,0,524,0,0,0.6,1,5
2026-09-24T21:49:50.823Z,23880,23880,32187,4,248,917,4.9,9,0,524,0,0,0.6,1,4
2026-09-24T21:50:53.073Z,23880,23880,32187,4,248,917,4.8,9,0,524,0,0,0.6,1,5
2026-09-24T21:51:55.322Z,23880,23880,32187,4,248,917,4.8,9,0,524,0,0,0.6,1,7
2026-09-24T21:52:57.613Z,23880,23880,32187,4,248,917,4.8,9,0,524,0,0,0.6,1,5
2026-09-24T21:53:59.878Z,23880,23880,32187,4,248,918,4.8,9,0,524,0,0,0.6,1,6
2026-09-24T21:55:02.686Z,23880,23880,32187,4,248,917,4.8,9,0,524,0,0,0.6,1,5
2026-09-24T21:56:05.007Z,23880,23880,32187,4,248,920,4.8,9,0,524,0,0,0.6,1,9
2026-09-24T21:57:07.263Z,23880,23880,32187,4,248,917,4.7,9,0,524,0,0,0.6,2,8
2026-09-24T21:58:09.497Z,23880,23880,32187,4,248,917,4.6,9,0,524,0,0,0.6,0,5
2026-09-24T21:59:11.793Z,23880,23880,32187,4,248,917,4.7,9,0,524,0,0,0.6,1,4
2026-09-24T22:00:14.525Z,23880,23880,32187,4,248,918,4.8,9,0,524,0,0,0.6,0,5
2026-09-24T22:01:16.752Z,23880,23880,32187,4,248,917,4.7,9,0,524,0,0,0.7,1,5
2026-09-24T22:02:19.045Z,23880,23880,32187,4,248,917,4.6,9,0,524,0,0,0.7,1,5
2026-09-24T22:03:21.189Z,23880,23880,32187,4,248,917,4.7,9,0,524,0,0,0.7,1,4
2026-09-24T22:04:23.383Z,23880,23880,32187,4,248,917,4.6,9,0,524,0,0,0.7,0,5
2026-09-24T22:05:26.024Z,23880,23880,32187,4,248,917,4.6,9,0,524,0,0,0.7,0,6
2026-09-24T22:06:28.175Z,23880,23880,32187,4,248,917,4.6,9,0,524,0,0,0.7,1,4
2026-09-24T22:07:30.417Z,23880,23880,32187,4,248,918,4.7,9,0,524,0,0,0.7,1,5
2026-09-24T22:08:32.633Z,23880,23880,32187,4,248,917,4.7,9,0,524,0,0,0.7,1,5
2026-09-24T22:09:34.863Z,23880,23880,32187,4,248,917,4.7,9,0,524,0,0,0.7,1,4
2026-09-24T22:10:37.464Z,23880,23880,32187,4,248,918,4.7,9,0,524,0,0,0.7,2,4
2026-09-24T22:11:39.587Z,23880,23880,32187,4,248,917,4.6,9,0,524,0,0,0.7,0,5
2026-09-24T22:12:41.844Z,23880,23880,32187,4,248,917,4.6,9,0,524,0,0,0.7,1,5
2026-09-24T22:13:44.011Z,23880,23880,32187,4,249,917,4.6,9,0,524,0,0,0.7,1,4
2026-09-24T22:14:46.003Z,23880,23880,32187,4,248,917,4.6,9,0,524,0,0,0.7,1,4
2026-09-24T22:15:48.747Z,23880,23880,32187,4,248,917,4.6,9,0,524,0,0,0.7,0,4
2026-09-24T22:16:51.152Z,23880,23880,32187,4,248,918,4.6,9,0,524,0,0,0.7,1,7
2026-09-24T22:17:53.351Z,23880,23880,32187,4,248,917,4.7,9,0,524,0,0,0.7,1,4
2026-09-24T22:18:55.527Z,23880,23880,32187,4,248,917,4.6,9,0,524,0,0,0.7,0,5
2026-09-24T22:19:57.718Z,23880,23880,32187,4,248,917,4.5,9,0,524,0,0,0.7,0,4
2026-09-24T22:21:00.461Z,23880,23880,32187,4,248,918,4.4,9,0,524,0,0,0.7,1,5
2026-09-24T22:22:02.513Z,23880,23880,32187,4,248,918,4.4,9,0,524,0,0,0.8,1,4
2026-09-24T22:23:04.568Z,23880,23880,32187,4,248,917,4.5,9,0,524,0,0,0.8,1,3
2026-09-24T22:24:06.729Z,23880,23880,32187,4,248,918,4.5,9,0,524,0,0,0.8,0,5
2026-09-24T22:25:08.815Z,23880,23880,32187,4,248,918,4.5,9,0,524,0,0,0.8,0,4
2026-09-24T22:26:11.415Z,23880,23880,32187,4,248,918,4.4,9,0,524,0,0,0.8,1,4
2026-09-24T22:27:13.635Z,23880,23880,32187,4,248,918,5.1,9,0,524,0,0,0.8,1,4
2026-09-24T22:28:15.792Z,23880,23880,32187,4,248,917,4.9,9,0,524,0,0,0.8,1,4
2026-09-24T22:29:17.921Z,23880,23880,32187,4,248,918,4.9,9,0,524,0,0,0.8,0,4
2026-09-24T22:30:20.118Z,23880,23880,32187,4,248,918,4.7,9,0,524,0,0,0.8,2,7
2026-09-24T22:31:22.718Z,23880,23880,32187,4,248,918,4.5,9,0,524,0,0,0.8,1,5
2026-09-24T22:32:24.955Z,23880,23880,32187,4,248,918,4.6,9,0,524,0,0,0.8,0,4
2026-09-24T22:33:26.936Z,23880,23880,32187,4,248,918,4.6,9,0,524,0,0,0.8,0,5
2026-09-24T22:34:29.090Z,23880,23880,32187,4,248,919,4.5,9,0,524,0,0,0.8,1,4
2026-09-24T22:35:31.327Z,23880,23880,32187,4,248,918,4.5,9,0,524,0,0,0.8,1,4
2026-09-24T22:36:34.163Z,23880,23880,32187,4,248,918,4.5,9,0,524,0,0,0.8,1,6
2026-09-24T22:37:36.203Z,23880,23880,32187,4,248,919,4.9,9,0,524,0,0,0.8,1,5
2026-09-24T22:38:38.232Z,23880,23880,32187,4,248,919,4.7,9,0,524,0,0,0.8,1,5
2026-09-24T22:39:40.354Z,23880,23880,32187,4,248,919,4.7,9,0,524,0,0,0.8,1,4
2026-09-24T22:40:42.501Z,23880,23880,32187,4,248,918,4.6,9,0,524,0,0,0.8,0,5
2026-09-24T22:41:45.047Z,23880,23880,32187,4,248,918,4.6,9,0,524,0,0,0.8,1,5
2026-09-24T22:42:47.112Z,23880,23880,32187,4,248,918,4.5,9,0,524,0,0,0.9,1,4
2026-09-24T22:43:49.217Z,23880,23880,32187,4,248,919,4.6,9,0,524,0,0,0.9,1,7
2026-09-24T22:44:51.450Z,23880,23880,32187,4,249,918,4.6,9,0,524,0,0,0.9,0,5
2026-09-24T22:45:53.556Z,23880,23880,32187,4,248,919,4.6,9,0,524,0,0,0.9,1,4
2026-09-24T22:46:56.213Z,23880,23880,32187,4,248,919,4,9,0,524,0,0,0.9,2,8
2026-09-24T22:47:58.143Z,23880,23880,32187,4,248,919,4.8,9,0,524,0,0,0.9,1,5
2026-09-24T22:49:00.405Z,23880,23880,32187,4,249,919,4.8,9,0,524,0,0,0.9,1,4
2026-09-24T22:50:02.652Z,23880,23880,32187,4,248,919,4.7,9,0,524,0,0,0.9,1,8
2026-09-24T22:51:04.800Z,23880,23880,32187,4,248,919,4.7,9,0,524,0,0,0.9,1,5
2026-09-24T22:52:07.374Z,23880,23880,32187,4,249,919,4.5,9,0,524,0,0,0.9,1,6
2026-09-24T22:53:09.506Z,23880,23880,32187,4,249,919,4.5,9,0,524,0,0,0.9,0,5
2026-09-24T22:54:11.645Z,23880,23880,32187,4,248,919,4.5,9,0,524,0,0,0.9,1,4
2026-09-24T22:55:13.911Z,23880,23880,32187,4,249,919,4.4,9,0,524,0,0,0.9,1,4
2026-09-24T22:56:16.314Z,23880,23880,32187,4,249,919,4.4,9,0,524,0,0,0.9,2,7
2026-09-24T22:57:18.890Z,23880,23880,32187,4,249,920,4.3,9,0,524,0,0,0.9,1,6
2026-09-24T22:58:21.034Z,23880,23880,32187,4,249,919,4.3,9,0,524,0,0,0.9,1,4
2026-09-24T22:59:23.319Z,23880,23880,32187,4,249,919,4.5,9,0,524,0,0,0.9,1,4
2026-09-24T23:00:25.408Z,23880,23880,32187,4,249,831,4.5,9,0,524,0,0,0.9,0,4
2026-09-24T23:01:27.563Z,23880,23880,32187,4,249,831,4.4,9,0,524,0,0,0.9,3,5
2026-09-24T23:02:30.173Z,23880,23880,32187,4,249,831,4.4,9,0,524,0,0,1.0,1,6
2026-09-24T23:03:32.303Z,23880,23880,32187,4,249,831,4.3,9,0,524,0,0,1.0,1,5
2026-09-24T23:04:34.382Z,23880,23880,32187,4,249,832,4.3,9,0,524,0,0,1.0,0,4
2026-09-24T23:05:36.413Z,23880,23880,32187,4,249,831,4.3,9,0,524,0,0,1.0,1,4
2026-09-24T23:06:38.555Z,23880,23880,32187,4,249,831,4.3,9,0,524,0,0,1.0,1,4
2026-09-24T23:07:41.121Z,23880,23880,32187,4,249,831,4.7,9,0,524,0,0,1.0,1,5
2026-09-24T23:08:43.275Z,23880,23880,32187,4,249,831,4.6,9,0,524,0,0,1.0,1,4
2026-09-24T23:09:45.393Z,23880,23880,32187,4,249,831,4.6,9,0,524,0,0,1.0,1,5
2026-09-24T23:10:47.493Z,23880,23880,32187,4,249,831,4.6,9,0,524,0,0,1.0,1,4
2026-09-24T23:11:49.620Z,23880,23880,32187,4,249,831,4.6,9,0,524,0,0,1.0,1,4
2026-09-24T23:12:52.211Z,23880,23880,32187,4,250,831,4.6,9,0,524,0,0,1.0,1,6
2026-09-24T23:13:54.269Z,23880,23880,32187,4,249,831,4.6,9,0,524,0,0,1.0,0,5
2026-09-24T23:14:56.621Z,23880,23880,32187,4,249,832,4.5,9,0,524,0,0,1.0,1,4
2026-09-24T23:15:58.937Z,23880,23880,32187,4,249,833,4.4,9,0,524,0,0,1.0,1,6
2026-09-24T23:17:00.978Z,23880,23880,32187,4,249,833,4.1,9,0,524,0,0,1.0,1,7
2026-09-24T23:18:03.591Z,23880,23880,32187,4,249,834,4.5,9,0,524,0,0,1.0,0,4
2026-09-24T23:19:05.808Z,23880,23880,32187,4,249,833,4.4,9,0,524,0,0,1.0,1,4
2026-09-24T23:20:07.809Z,23880,23880,32187,4,249,833,4.4,9,0,524,0,0,1.0,0,4
2026-09-24T23:21:09.967Z,23880,23880,32187,4,249,833,4.3,9,0,524,0,0,1.0,1,4
2026-09-24T23:22:12.081Z,23880,23880,32187,4,249,833,4.2,9,0,524,0,0,1.0,0,5
2026-09-24T23:23:14.806Z,23880,23880,32187,4,249,833,4.5,9,0,524,0,0,1.1,1,4
2026-09-24T23:24:16.993Z,23880,23880,32187,4,249,834,4.8,9,0,524,0,0,1.1,0,5
2026-09-24T23:25:19.069Z,23880,23880,32187,4,249,829,4.7,9,0,524,0,0,1.1,1,4
2026-09-24T23:26:21.300Z,23880,23880,32187,4,249,823,4.7,9,0,524,0,0,1.1,1,6
2026-09-24T23:27:23.484Z,23880,23880,32187,4,249,814,4.4,9,0,524,0,0,1.1,0,4
2026-09-24T23:28:26.187Z,23880,23880,32187,4,249,815,4.4,9,0,524,0,0,1.1,0,5
2026-09-24T23:29:28.250Z,23880,23880,32187,4,249,815,4.4,9,0,524,0,0,1.1,1,5
2026-09-24T23:30:30.333Z,23880,23880,32187,4,249,815,4.4,9,0,524,0,0,1.1,1,5
2026-09-24T23:31:32.440Z,23880,23880,32187,4,249,815,4.4,9,0,524,0,0,1.1,1,5
2026-09-24T23:32:34.600Z,23880,23880,32187,4,249,815,4.4,9,0,524,0,0,1.1,1,4
2026-09-24T23:33:37.238Z,23880,23880,32187,4,249,815,4.4,9,0,524,0,0,1.1,1,5
2026-09-24T23:34:39.431Z,23880,23880,32187,4,249,815,4.2,9,0,524,0,0,1.1,1,5
2026-09-24T23:35:41.932Z,23880,23880,32187,4,249,815,4.1,9,0,524,0,0,1.1,1,8
2026-09-24T23:36:44.285Z,23880,23880,32187,4,249,815,4.1,9,0,524,0,0,1.1,1,5
2026-09-24T23:37:46.627Z,23880,23880,32187,4,249,815,4.5,9,0,524,0,0,1.1,0,5
2026-09-24T23:38:49.330Z,23880,23880,32187,4,249,815,4.4,9,0,524,0,0,1.1,1,6
2026-09-24T23:39:51.419Z,23880,23880,32187,4,249,815,4.4,9,0,524,0,0,1.1,1,4
2026-09-24T23:40:53.624Z,23880,23880,32187,4,249,815,4.7,9,0,524,0,0,1.1,1,5
2026-09-24T23:41:55.670Z,23880,23880,32187,4,249,815,4.8,9,0,524,0,0,1.1,1,4
2026-09-24T23:42:57.905Z,23880,23880,32187,4,249,815,4.7,9,0,524,0,0,1.1,1,4
2026-09-24T23:44:00.552Z,23880,23880,32187,4,249,815,4.7,9,0,524,0,0,1.2,0,5
2026-09-24T23:45:02.967Z,23880,23880,32187,4,249,815,4.4,9,0,524,0,0,1.2,1,6
2026-09-24T23:46:05.212Z,23880,23880,32187,4,249,815,4.4,9,0,524,0,0,1.2,0,5
2026-09-24T23:47:07.381Z,23880,23880,32187,4,249,815,4.2,9,0,524,0,0,1.2,1,5
